{"schemaVersion":"1.0","appDefinitionTemplate":{"id":"/providers/Microsoft.PowerApps/apps/","type":"Microsoft.PowerApps/apps","tags":{"primaryDeviceWidth":"1366","primaryDeviceHeight":"768","supportsPortrait":"true","supportsLandscape":"true","primaryFormFactor":"Tablet","publisherVersion":"3.22122.15","minimumRequiredApiVersion":"2.2.0","hasComponent":"false","hasUnlockedComponent":"false","isUnifiedRootApp":"false","sienaVersion":"20221223T064629Z-3.22122.15.0"},"properties":{"appVersion":"2022-12-23T06:46:29Z","lifeCycleId":"Published","createdByClientVersion":{"major":3,"minor":22122,"build":15,"revision":0,"majorRevision":0,"minorRevision":0},"minClientVersion":{"major":3,"minor":22122,"build":15,"revision":0,"majorRevision":0,"minorRevision":0},"backgroundColor":"RGBA(0,176,240,1)","backgroundImageUri":"/4347141749868072635/Nad88020e-932e-4455-b5bd-a0a2f21dc929-logoSmallFile","displayName":"canvasschool","description":"","commitMessage":"","appUris":{"documentUri":{"value":"/4347141749868072635/N11d8f08a-4a35-40d6-8cd3-b590d7f6d2bd-document.msapp"},"imageUris":[],"additionalUris":[]},"createdTime":"0001-01-01T00:00:00Z","lastModifiedTime":"0001-01-01T00:00:00Z","sharedGroupsCount":0,"sharedUsersCount":0,"icons":{"smallIconUri":"/4347141749868072635/Nf9164b65-ddfe-476e-a444-dc8ba750a691-small.png","mediumIconUri":"/4347141749868072635/N4d987c3d-3057-483b-9587-3931b7b463f2-medium.png","largeIconUri":"/4347141749868072635/Ncc6b47ff-a4b8-4602-a4fc-70057a883a4a-large.png","wideIconUri":"/4347141749868072635/Naefd9893-bc78-4fd7-9dc9-07bd9134c473-wide.png"},"connectionReferences":{"a64d01d4-e163-4d37-b1aa-9cb72f0166ce":{"id":"70f9a838-4104-4765-9f3f-6356d4fe8801","displayName":"SharePoint","iconUri":"https://connectoricons-prod.azureedge.net/u/juanq/gateway/greyhound/3000.150.11/1.0.1613.3116/sharepointonline/icon.png","dataSources":["LMS LIST","Credentials list"],"dependencies":[],"dependents":[],"parameterHints":{},"parameterHintsV2":{},"isOnPremiseConnection":false,"bypassConsent":false,"dataSets":{"https://haicd365.sharepoint.com/sites/crmsite":{"dataSources":{"LMS LIST":{"tableName":"f94539a3-9ddd-4c15-917f-6b30637d9251"},"Credentials list":{"tableName":"fdbc1cb2-9301-4035-92f8-0a8e30b626b3"}}}},"apiTier":"Standard","isCustomApiConnection":false,"actions":["providers/PowerPlatform.Governance/Operations/Read"]}},"databaseReferences":{"default.cds":{"databaseDetails":{"referenceType":"Environmental","environmentName":"default.cds","overrideValues":{"status":"NotSpecified"}},"dataSources":{"Accounts":{"entitySetName":"accounts","logicalName":"account"},"Application tables":{"entitySetName":"insight_applicationtables","logicalName":"insight_applicationtable"},"Contacts":{"entitySetName":"contacts","logicalName":"contact"},"SharePoint Sites":{"entitySetName":"sharepointsites","logicalName":"sharepointsite"}},"actions":["providers/PowerPlatform.Governance/Operations/Read"]}},"almMode":"Solution","performanceOptimizationEnabled":true,"canConsumeAppPass":true,"enableModernRuntimeMode":false,"executionRestrictions":{"isTeamsOnly":false,"dataLossPreventionEvaluationResult":{"status":"Compliant","lastEvaluationDate":"2022-12-22T07:29:48.2090651Z","violations":[],"violationsByPolicy":[],"violationErrorMessage":"The app uses the following connectors: shared_commondataservice."}}},"appType":"ClassicCanvasApp","appComponents":[]}}