<ImportExportXml version="9.2.22121.146" SolutionPackageVersion="9.2" languagecode="1033" generatedBy="CrmLive" xmlns:xsi="http://www.w3.org/2001/XMLSchema-instance">
  <SolutionManifest>
    <UniqueName>MDAdemosolutin</UniqueName>
    <LocalizedNames>
      <LocalizedName description="MDAdemosolutin" languagecode="1033" />
    </LocalizedNames>
    <Descriptions />
    <Version>1.0.0.2</Version>
    <Managed>0</Managed>
    <Publisher>
      <UniqueName>insight</UniqueName>
      <LocalizedNames>
        <LocalizedName description="Insight" languagecode="1033" />
      </LocalizedNames>
      <Descriptions />
      <EMailAddress xsi:nil="true"></EMailAddress>
      <SupportingWebsiteUrl xsi:nil="true"></SupportingWebsiteUrl>
      <CustomizationPrefix>insight</CustomizationPrefix>
      <CustomizationOptionValuePrefix>87314</CustomizationOptionValuePrefix>
      <Addresses>
        <Address>
          <AddressNumber>1</AddressNumber>
          <AddressTypeCode>1</AddressTypeCode>
          <City xsi:nil="true"></City>
          <County xsi:nil="true"></County>
          <Country xsi:nil="true"></Country>
          <Fax xsi:nil="true"></Fax>
          <FreightTermsCode xsi:nil="true"></FreightTermsCode>
          <ImportSequenceNumber xsi:nil="true"></ImportSequenceNumber>
          <Latitude xsi:nil="true"></Latitude>
          <Line1 xsi:nil="true"></Line1>
          <Line2 xsi:nil="true"></Line2>
          <Line3 xsi:nil="true"></Line3>
          <Longitude xsi:nil="true"></Longitude>
          <Name xsi:nil="true"></Name>
          <PostalCode xsi:nil="true"></PostalCode>
          <PostOfficeBox xsi:nil="true"></PostOfficeBox>
          <PrimaryContactName xsi:nil="true"></PrimaryContactName>
          <ShippingMethodCode>1</ShippingMethodCode>
          <StateOrProvince xsi:nil="true"></StateOrProvince>
          <Telephone1 xsi:nil="true"></Telephone1>
          <Telephone2 xsi:nil="true"></Telephone2>
          <Telephone3 xsi:nil="true"></Telephone3>
          <TimeZoneRuleVersionNumber xsi:nil="true"></TimeZoneRuleVersionNumber>
          <UPSZone xsi:nil="true"></UPSZone>
          <UTCOffset xsi:nil="true"></UTCOffset>
          <UTCConversionTimeZoneCode xsi:nil="true"></UTCConversionTimeZoneCode>
        </Address>
        <Address>
          <AddressNumber>2</AddressNumber>
          <AddressTypeCode>1</AddressTypeCode>
          <City xsi:nil="true"></City>
          <County xsi:nil="true"></County>
          <Country xsi:nil="true"></Country>
          <Fax xsi:nil="true"></Fax>
          <FreightTermsCode xsi:nil="true"></FreightTermsCode>
          <ImportSequenceNumber xsi:nil="true"></ImportSequenceNumber>
          <Latitude xsi:nil="true"></Latitude>
          <Line1 xsi:nil="true"></Line1>
          <Line2 xsi:nil="true"></Line2>
          <Line3 xsi:nil="true"></Line3>
          <Longitude xsi:nil="true"></Longitude>
          <Name xsi:nil="true"></Name>
          <PostalCode xsi:nil="true"></PostalCode>
          <PostOfficeBox xsi:nil="true"></PostOfficeBox>
          <PrimaryContactName xsi:nil="true"></PrimaryContactName>
          <ShippingMethodCode>1</ShippingMethodCode>
          <StateOrProvince xsi:nil="true"></StateOrProvince>
          <Telephone1 xsi:nil="true"></Telephone1>
          <Telephone2 xsi:nil="true"></Telephone2>
          <Telephone3 xsi:nil="true"></Telephone3>
          <TimeZoneRuleVersionNumber xsi:nil="true"></TimeZoneRuleVersionNumber>
          <UPSZone xsi:nil="true"></UPSZone>
          <UTCOffset xsi:nil="true"></UTCOffset>
          <UTCConversionTimeZoneCode xsi:nil="true"></UTCConversionTimeZoneCode>
        </Address>
      </Addresses>
    </Publisher>
    <RootComponents>
      <RootComponent type="1" schemaName="applicationuser" behavior="0" />
      <RootComponent type="1" schemaName="insight_applicationtable" behavior="0" />
      <RootComponent type="1" schemaName="lwtn_application" behavior="0" />
      <RootComponent type="1" schemaName="lwtn_mentor" behavior="0" />
      <RootComponent type="9" schemaName="insight_applicationstatusco" behavior="0" />
      <RootComponent type="9" schemaName="insight_loantype" behavior="0" />
      <RootComponent type="9" schemaName="lwtn_applicationstatus" behavior="0" />
      <RootComponent type="9" schemaName="lwtn_relationship" behavior="0" />
      <RootComponent type="62" schemaName="lwtn_HonorsApplicationApp" behavior="0" />
      <RootComponent type="80" schemaName="lwtn_HonorsApplicationApp" behavior="0" />
      <RootComponent type="300" schemaName="cr605_honorsapplicationappdefaultcommandlibrary_f9c07" behavior="0" />
      <RootComponent type="300" schemaName="insight_canvasschool_804c9" behavior="0" />
    </RootComponents>
    <MissingDependencies>
      <MissingDependency>
        <Required type="1" schemaName="applicationuser" displayName="ApplicationUser" solution="ApplicationUserSolution (1.0.1.2)" />
        <Dependent type="1" schemaName="applicationuser" displayName="ApplicationUser" />
      </MissingDependency>
      <MissingDependency>
        <Required type="1" schemaName="applicationuser" displayName="ApplicationUser" solution="ApplicationUserSolution (1.0.1.2)" />
        <Dependent type="2" schemaName="createdby" displayName="Created By" parentSchemaName="applicationuser" parentDisplayName="ApplicationUser" />
      </MissingDependency>
      <MissingDependency>
        <Required type="1" schemaName="applicationuser" displayName="ApplicationUser" solution="ApplicationUserSolution (1.0.1.2)" />
        <Dependent type="2" schemaName="createdonbehalfby" displayName="Created By (Delegate)" parentSchemaName="applicationuser" parentDisplayName="ApplicationUser" />
      </MissingDependency>
      <MissingDependency>
        <Required type="1" schemaName="applicationuser" displayName="ApplicationUser" solution="ApplicationUserSolution (1.0.1.2)" />
        <Dependent type="2" schemaName="modifiedby" displayName="Modified By" parentSchemaName="applicationuser" parentDisplayName="ApplicationUser" />
      </MissingDependency>
      <MissingDependency>
        <Required type="1" schemaName="applicationuser" displayName="ApplicationUser" solution="ApplicationUserSolution (1.0.1.2)" />
        <Dependent type="2" schemaName="modifiedonbehalfby" displayName="Modified By (Delegate)" parentSchemaName="applicationuser" parentDisplayName="ApplicationUser" />
      </MissingDependency>
      <MissingDependency>
        <Required type="1" schemaName="applicationuser" displayName="ApplicationUser" solution="ApplicationUserSolution (1.0.1.2)" />
        <Dependent type="2" schemaName="versionnumber" displayName="Version Number" parentSchemaName="applicationuser" parentDisplayName="ApplicationUser" />
      </MissingDependency>
      <MissingDependency>
        <Required type="61" schemaName="msdyn_/Images/AppModule_Default_Icon.png" displayName="msdyn_/Images/AppModule_Default_Icon.png" solution="AppModuleWebResources (2.5)" />
        <Dependent type="80" schemaName="lwtn_HonorsApplicationApp" displayName="Honors Application App" />
      </MissingDependency>
    </MissingDependencies>
  </SolutionManifest>
</ImportExportXml>