<ImportExportXml version="9.2.22121.146" SolutionPackageVersion="9.2" languagecode="1033" generatedBy="CrmLive" xmlns:xsi="http://www.w3.org/2001/XMLSchema-instance">
  <SolutionManifest>
    <UniqueName>SAmpleproj1</UniqueName>
    <LocalizedNames>
      <LocalizedName description="SAmpleproj1" languagecode="1033" />
    </LocalizedNames>
    <Descriptions />
    <Version>1.0.0.1</Version>
    <Managed>0</Managed>
    <Publisher>
      <UniqueName>insight</UniqueName>
      <LocalizedNames>
        <LocalizedName description="Insight" languagecode="1033" />
      </LocalizedNames>
      <Descriptions />
      <EMailAddress xsi:nil="true"></EMailAddress>
      <SupportingWebsiteUrl xsi:nil="true"></SupportingWebsiteUrl>
      <CustomizationPrefix>insight</CustomizationPrefix>
      <CustomizationOptionValuePrefix>87314</CustomizationOptionValuePrefix>
      <Addresses>
        <Address>
          <AddressNumber>1</AddressNumber>
          <AddressTypeCode>1</AddressTypeCode>
          <City xsi:nil="true"></City>
          <County xsi:nil="true"></County>
          <Country xsi:nil="true"></Country>
          <Fax xsi:nil="true"></Fax>
          <FreightTermsCode xsi:nil="true"></FreightTermsCode>
          <ImportSequenceNumber xsi:nil="true"></ImportSequenceNumber>
          <Latitude xsi:nil="true"></Latitude>
          <Line1 xsi:nil="true"></Line1>
          <Line2 xsi:nil="true"></Line2>
          <Line3 xsi:nil="true"></Line3>
          <Longitude xsi:nil="true"></Longitude>
          <Name xsi:nil="true"></Name>
          <PostalCode xsi:nil="true"></PostalCode>
          <PostOfficeBox xsi:nil="true"></PostOfficeBox>
          <PrimaryContactName xsi:nil="true"></PrimaryContactName>
          <ShippingMethodCode>1</ShippingMethodCode>
          <StateOrProvince xsi:nil="true"></StateOrProvince>
          <Telephone1 xsi:nil="true"></Telephone1>
          <Telephone2 xsi:nil="true"></Telephone2>
          <Telephone3 xsi:nil="true"></Telephone3>
          <TimeZoneRuleVersionNumber xsi:nil="true"></TimeZoneRuleVersionNumber>
          <UPSZone xsi:nil="true"></UPSZone>
          <UTCOffset xsi:nil="true"></UTCOffset>
          <UTCConversionTimeZoneCode xsi:nil="true"></UTCConversionTimeZoneCode>
        </Address>
        <Address>
          <AddressNumber>2</AddressNumber>
          <AddressTypeCode>1</AddressTypeCode>
          <City xsi:nil="true"></City>
          <County xsi:nil="true"></County>
          <Country xsi:nil="true"></Country>
          <Fax xsi:nil="true"></Fax>
          <FreightTermsCode xsi:nil="true"></FreightTermsCode>
          <ImportSequenceNumber xsi:nil="true"></ImportSequenceNumber>
          <Latitude xsi:nil="true"></Latitude>
          <Line1 xsi:nil="true"></Line1>
          <Line2 xsi:nil="true"></Line2>
          <Line3 xsi:nil="true"></Line3>
          <Longitude xsi:nil="true"></Longitude>
          <Name xsi:nil="true"></Name>
          <PostalCode xsi:nil="true"></PostalCode>
          <PostOfficeBox xsi:nil="true"></PostOfficeBox>
          <PrimaryContactName xsi:nil="true"></PrimaryContactName>
          <ShippingMethodCode>1</ShippingMethodCode>
          <StateOrProvince xsi:nil="true"></StateOrProvince>
          <Telephone1 xsi:nil="true"></Telephone1>
          <Telephone2 xsi:nil="true"></Telephone2>
          <Telephone3 xsi:nil="true"></Telephone3>
          <TimeZoneRuleVersionNumber xsi:nil="true"></TimeZoneRuleVersionNumber>
          <UPSZone xsi:nil="true"></UPSZone>
          <UTCOffset xsi:nil="true"></UTCOffset>
          <UTCConversionTimeZoneCode xsi:nil="true"></UTCConversionTimeZoneCode>
        </Address>
      </Addresses>
    </Publisher>
    <RootComponents>
      <RootComponent type="1" schemaName="account" behavior="2" />
      <RootComponent type="1" schemaName="activitymimeattachment" behavior="0" />
      <RootComponent type="1" schemaName="adx_entitypermission" behavior="0" />
      <RootComponent type="1" schemaName="adx_webform" behavior="0" />
      <RootComponent type="1" schemaName="appointment" behavior="0" />
      <RootComponent type="1" schemaName="contact" behavior="2" />
      <RootComponent type="1" schemaName="insight_applicationtable" behavior="0" />
      <RootComponent type="1" schemaName="insight_product" behavior="0" />
      <RootComponent type="1" schemaName="lwtn_mentor" behavior="0" />
      <RootComponent type="1" schemaName="sample_product" behavior="0" />
      <RootComponent type="1" schemaName="sharepointdocument" behavior="0" />
      <RootComponent type="1" schemaName="sharepointsite" behavior="0" />
      <RootComponent type="80" schemaName="lwtn_HonorsApplicationApp" behavior="0" />
      <RootComponent type="300" schemaName="cr605_honorsapplicationappdefaultcommandlibrary_f9c07" behavior="0" />
      <RootComponent type="300" schemaName="insight_canvasproductapp_56fce" behavior="0" />
      <RootComponent type="300" schemaName="insight_canvasschool_804c9" behavior="0" />
    </RootComponents>
    <MissingDependencies>
      <MissingDependency>
        <Required type="1" schemaName="adx_entitypermission" displayName="Table Permission" solution="MicrosoftPortalBase (9.3.2204.5)">
          <package>CDSBasePortal (9.3.2209.79)</package>
          <package>msdyn_community_anchor (9.2.221122.4)</package>
        </Required>
        <Dependent type="1" schemaName="adx_entitypermission" displayName="Table Permission" />
      </MissingDependency>
      <MissingDependency>
        <Required type="1" schemaName="adx_entitypermission" displayName="Table Permission" solution="MicrosoftPortalBase (9.3.2204.5)">
          <package>CDSBasePortal (9.3.2209.79)</package>
          <package>msdyn_community_anchor (9.2.221122.4)</package>
        </Required>
        <Dependent type="10" schemaName="adx_entitypermission_parententitypermission" displayName="adx_entitypermission_parententitypermission" parentSchemaName="adx_entitypermission" parentDisplayName="Table Permission" />
      </MissingDependency>
      <MissingDependency>
        <Required type="1" schemaName="adx_entitypermission" displayName="Table Permission" solution="MicrosoftPortalBase (9.3.2204.5)">
          <package>CDSBasePortal (9.3.2209.79)</package>
          <package>msdyn_community_anchor (9.2.221122.4)</package>
        </Required>
        <Dependent type="10" schemaName="adx_website_adx_entitypermission" displayName="adx_website_adx_entitypermission" parentSchemaName="adx_website" parentDisplayName="Website" />
      </MissingDependency>
      <MissingDependency>
        <Required type="1" schemaName="adx_entitypermission" displayName="Table Permission" solution="MicrosoftPortalBase (9.3.2204.5)">
          <package>CDSBasePortal (9.3.2209.79)</package>
          <package>msdyn_community_anchor (9.2.221122.4)</package>
        </Required>
        <Dependent type="2" schemaName="createdby" displayName="Created By" parentSchemaName="adx_entitypermission" parentDisplayName="Table Permission" />
      </MissingDependency>
      <MissingDependency>
        <Required type="1" schemaName="adx_entitypermission" displayName="Table Permission" solution="MicrosoftPortalBase (9.3.2204.5)">
          <package>CDSBasePortal (9.3.2209.79)</package>
          <package>msdyn_community_anchor (9.2.221122.4)</package>
        </Required>
        <Dependent type="2" schemaName="createdonbehalfby" displayName="Created By (Delegate)" parentSchemaName="adx_entitypermission" parentDisplayName="Table Permission" />
      </MissingDependency>
      <MissingDependency>
        <Required type="1" schemaName="adx_entitypermission" displayName="Table Permission" solution="MicrosoftPortalBase (9.3.2204.5)">
          <package>CDSBasePortal (9.3.2209.79)</package>
          <package>msdyn_community_anchor (9.2.221122.4)</package>
        </Required>
        <Dependent type="2" schemaName="modifiedby" displayName="Modified By" parentSchemaName="adx_entitypermission" parentDisplayName="Table Permission" />
      </MissingDependency>
      <MissingDependency>
        <Required type="1" schemaName="adx_entitypermission" displayName="Table Permission" solution="MicrosoftPortalBase (9.3.2204.5)">
          <package>CDSBasePortal (9.3.2209.79)</package>
          <package>msdyn_community_anchor (9.2.221122.4)</package>
        </Required>
        <Dependent type="2" schemaName="modifiedonbehalfby" displayName="Modified By (Delegate)" parentSchemaName="adx_entitypermission" parentDisplayName="Table Permission" />
      </MissingDependency>
      <MissingDependency>
        <Required type="1" schemaName="adx_entitypermission" displayName="Table Permission" solution="MicrosoftPortalBase (9.3.2204.5)">
          <package>CDSBasePortal (9.3.2209.79)</package>
          <package>msdyn_community_anchor (9.2.221122.4)</package>
        </Required>
        <Dependent type="2" schemaName="organizationid" displayName="Shows the organization." parentSchemaName="adx_entitypermission" parentDisplayName="Table Permission" />
      </MissingDependency>
      <MissingDependency>
        <Required type="1" schemaName="adx_entitypermission" displayName="Table Permission" solution="MicrosoftPortalBase (9.3.2204.5)">
          <package>CDSBasePortal (9.3.2209.79)</package>
          <package>msdyn_community_anchor (9.2.221122.4)</package>
        </Required>
        <Dependent type="2" schemaName="versionnumber" displayName="Version Number" parentSchemaName="adx_entitypermission" parentDisplayName="Table Permission" />
      </MissingDependency>
      <MissingDependency>
        <Required type="1" schemaName="adx_webform" displayName="Multistep Form" solution="MicrosoftPortalWebForms (9.3.2209.2)">
          <package>CDSBasePortal (9.3.2209.79)</package>
          <package>msdyn_community_anchor (9.2.221122.4)</package>
        </Required>
        <Dependent type="1" schemaName="adx_webform" displayName="Multistep Form" />
      </MissingDependency>
      <MissingDependency>
        <Required type="1" schemaName="adx_webform" displayName="Multistep Form" solution="MicrosoftPortalWebForms (9.3.2209.2)">
          <package>CDSBasePortal (9.3.2209.79)</package>
          <package>msdyn_community_anchor (9.2.221122.4)</package>
        </Required>
        <Dependent type="10" schemaName="adx_webform_startstep" displayName="adx_webform_startstep" parentSchemaName="adx_webformstep" parentDisplayName="Form Step" />
      </MissingDependency>
      <MissingDependency>
        <Required type="1" schemaName="adx_webform" displayName="Multistep Form" solution="MicrosoftPortalWebForms (9.3.2209.2)">
          <package>CDSBasePortal (9.3.2209.79)</package>
          <package>msdyn_community_anchor (9.2.221122.4)</package>
        </Required>
        <Dependent type="10" schemaName="adx_website_webform" displayName="adx_website_webform" parentSchemaName="adx_website" parentDisplayName="Website" />
      </MissingDependency>
      <MissingDependency>
        <Required type="1" schemaName="adx_webform" displayName="Multistep Form" solution="MicrosoftPortalWebForms (9.3.2209.2)">
          <package>CDSBasePortal (9.3.2209.79)</package>
          <package>msdyn_community_anchor (9.2.221122.4)</package>
        </Required>
        <Dependent type="2" schemaName="createdby" displayName="Created By" parentSchemaName="adx_webform" parentDisplayName="Multistep Form" />
      </MissingDependency>
      <MissingDependency>
        <Required type="1" schemaName="adx_webform" displayName="Multistep Form" solution="MicrosoftPortalWebForms (9.3.2209.2)">
          <package>CDSBasePortal (9.3.2209.79)</package>
          <package>msdyn_community_anchor (9.2.221122.4)</package>
        </Required>
        <Dependent type="2" schemaName="createdonbehalfby" displayName="Created By (Delegate)" parentSchemaName="adx_webform" parentDisplayName="Multistep Form" />
      </MissingDependency>
      <MissingDependency>
        <Required type="1" schemaName="adx_webform" displayName="Multistep Form" solution="MicrosoftPortalWebForms (9.3.2209.2)">
          <package>CDSBasePortal (9.3.2209.79)</package>
          <package>msdyn_community_anchor (9.2.221122.4)</package>
        </Required>
        <Dependent type="2" schemaName="modifiedby" displayName="Modified By" parentSchemaName="adx_webform" parentDisplayName="Multistep Form" />
      </MissingDependency>
      <MissingDependency>
        <Required type="1" schemaName="adx_webform" displayName="Multistep Form" solution="MicrosoftPortalWebForms (9.3.2209.2)">
          <package>CDSBasePortal (9.3.2209.79)</package>
          <package>msdyn_community_anchor (9.2.221122.4)</package>
        </Required>
        <Dependent type="2" schemaName="modifiedonbehalfby" displayName="Modified By (Delegate)" parentSchemaName="adx_webform" parentDisplayName="Multistep Form" />
      </MissingDependency>
      <MissingDependency>
        <Required type="1" schemaName="adx_webform" displayName="Multistep Form" solution="MicrosoftPortalWebForms (9.3.2209.2)">
          <package>CDSBasePortal (9.3.2209.79)</package>
          <package>msdyn_community_anchor (9.2.221122.4)</package>
        </Required>
        <Dependent type="2" schemaName="ownerid" displayName="Owner" parentSchemaName="adx_webform" parentDisplayName="Multistep Form" />
      </MissingDependency>
      <MissingDependency>
        <Required type="1" schemaName="adx_webform" displayName="Multistep Form" solution="MicrosoftPortalWebForms (9.3.2209.2)">
          <package>CDSBasePortal (9.3.2209.79)</package>
          <package>msdyn_community_anchor (9.2.221122.4)</package>
        </Required>
        <Dependent type="2" schemaName="owneridtype" parentSchemaName="adx_webform" parentDisplayName="Multistep Form" />
      </MissingDependency>
      <MissingDependency>
        <Required type="1" schemaName="adx_webform" displayName="Multistep Form" solution="MicrosoftPortalWebForms (9.3.2209.2)">
          <package>CDSBasePortal (9.3.2209.79)</package>
          <package>msdyn_community_anchor (9.2.221122.4)</package>
        </Required>
        <Dependent type="2" schemaName="owningbusinessunit" displayName="Owning Business Unit" parentSchemaName="adx_webform" parentDisplayName="Multistep Form" />
      </MissingDependency>
      <MissingDependency>
        <Required type="1" schemaName="adx_webform" displayName="Multistep Form" solution="MicrosoftPortalWebForms (9.3.2209.2)">
          <package>CDSBasePortal (9.3.2209.79)</package>
          <package>msdyn_community_anchor (9.2.221122.4)</package>
        </Required>
        <Dependent type="2" schemaName="versionnumber" displayName="Version Number" parentSchemaName="adx_webform" parentDisplayName="Multistep Form" />
      </MissingDependency>
      <MissingDependency>
        <Required type="1" schemaName="adx_webformmetadata" displayName="Multistep Form Metadata" solution="MicrosoftPortalWebForms (9.3.2209.2)">
          <package>CDSBasePortal (9.3.2209.79)</package>
          <package>msdyn_community_anchor (9.2.221122.4)</package>
        </Required>
        <Dependent type="1" schemaName="adx_webform" displayName="Multistep Form" />
      </MissingDependency>
      <MissingDependency>
        <Required type="1" schemaName="adx_webformsession" displayName="Multistep Form Session" solution="MicrosoftPortalWebForms (9.3.2209.2)">
          <package>CDSBasePortal (9.3.2209.79)</package>
          <package>msdyn_community_anchor (9.2.221122.4)</package>
        </Required>
        <Dependent type="1" schemaName="adx_webform" displayName="Multistep Form" />
      </MissingDependency>
      <MissingDependency>
        <Required type="1" schemaName="adx_webformstep" displayName="Form Step" solution="MicrosoftPortalWebForms (9.3.2209.2)">
          <package>CDSBasePortal (9.3.2209.79)</package>
          <package>msdyn_community_anchor (9.2.221122.4)</package>
        </Required>
        <Dependent type="1" schemaName="adx_webform" displayName="Multistep Form" />
      </MissingDependency>
      <MissingDependency>
        <Required type="1" schemaName="adx_webformstep" displayName="Form Step" solution="MicrosoftPortalWebForms (9.3.2209.2)">
          <package>CDSBasePortal (9.3.2209.79)</package>
          <package>msdyn_community_anchor (9.2.221122.4)</package>
        </Required>
        <Dependent type="10" schemaName="adx_webform_startstep" displayName="adx_webform_startstep" parentSchemaName="adx_webformstep" parentDisplayName="Form Step" />
      </MissingDependency>
      <MissingDependency>
        <Required type="1" schemaName="adx_webpage" displayName="Web Page" solution="MicrosoftPortalDependencies (9.3.2209.2)">
          <package>CDSBasePortal (9.3.2209.79)</package>
          <package>msdyn_community_anchor (9.2.221122.4)</package>
        </Required>
        <Dependent type="1" schemaName="adx_webform" displayName="Multistep Form" />
      </MissingDependency>
      <MissingDependency>
        <Required type="1" schemaName="adx_website" displayName="Website" solution="MicrosoftPortalDependencies (9.3.2209.2)">
          <package>CDSBasePortal (9.3.2209.79)</package>
          <package>msdyn_community_anchor (9.2.221122.4)</package>
        </Required>
        <Dependent type="10" schemaName="adx_website_adx_entitypermission" displayName="adx_website_adx_entitypermission" parentSchemaName="adx_website" parentDisplayName="Website" />
      </MissingDependency>
      <MissingDependency>
        <Required type="1" schemaName="adx_website" displayName="Website" solution="MicrosoftPortalDependencies (9.3.2209.2)">
          <package>CDSBasePortal (9.3.2209.79)</package>
          <package>msdyn_community_anchor (9.2.221122.4)</package>
        </Required>
        <Dependent type="10" schemaName="adx_website_webform" displayName="adx_website_webform" parentSchemaName="adx_website" parentDisplayName="Website" />
      </MissingDependency>
      <MissingDependency>
        <Required type="1" schemaName="lwtn_application" displayName="Application" solution="Active" />
        <Dependent type="10" schemaName="lwtn_Mentor_Application_lwtn_Application" displayName="lwtn_Mentor_Application_lwtn_Application" parentSchemaName="lwtn_application" parentDisplayName="Application" />
      </MissingDependency>
      <MissingDependency>
        <Required type="1" schemaName="lwtn_application" displayName="Application" solution="Active" />
        <Dependent type="300" schemaName="cr605_honorsapplicationappdefaultcommandlibrary_f9c07" displayName="HonorsApplicationApp_DefaultCommandLibrary" />
      </MissingDependency>
      <MissingDependency>
        <Required type="1" schemaName="lwtn_application" displayName="Application" solution="Active" />
        <Dependent type="80" schemaName="lwtn_HonorsApplicationApp" displayName="Honors Application App" />
      </MissingDependency>
      <MissingDependency>
        <Required type="1" schemaName="sample_product" displayName="Product" solution="AssetCheckout (0.0.0.1)" />
        <Dependent type="1" schemaName="sample_product" displayName="Product" />
      </MissingDependency>
      <MissingDependency>
        <Required type="1" schemaName="sample_product" displayName="Product" solution="AssetCheckout (0.0.0.1)" />
        <Dependent type="2" schemaName="createdby" displayName="Created By" parentSchemaName="sample_product" parentDisplayName="Product" />
      </MissingDependency>
      <MissingDependency>
        <Required type="1" schemaName="sample_product" displayName="Product" solution="AssetCheckout (0.0.0.1)" />
        <Dependent type="2" schemaName="createdonbehalfby" displayName="Created By (Delegate)" parentSchemaName="sample_product" parentDisplayName="Product" />
      </MissingDependency>
      <MissingDependency>
        <Required type="1" schemaName="sample_product" displayName="Product" solution="AssetCheckout (0.0.0.1)" />
        <Dependent type="2" schemaName="entityimageid" parentSchemaName="sample_product" parentDisplayName="Product" />
      </MissingDependency>
      <MissingDependency>
        <Required type="1" schemaName="sample_product" displayName="Product" solution="AssetCheckout (0.0.0.1)" />
        <Dependent type="2" schemaName="exchangerate" displayName="Exchange Rate" parentSchemaName="sample_product" parentDisplayName="Product" />
      </MissingDependency>
      <MissingDependency>
        <Required type="1" schemaName="sample_product" displayName="Product" solution="AssetCheckout (0.0.0.1)" />
        <Dependent type="2" schemaName="modifiedby" displayName="Modified By" parentSchemaName="sample_product" parentDisplayName="Product" />
      </MissingDependency>
      <MissingDependency>
        <Required type="1" schemaName="sample_product" displayName="Product" solution="AssetCheckout (0.0.0.1)" />
        <Dependent type="2" schemaName="modifiedonbehalfby" displayName="Modified By (Delegate)" parentSchemaName="sample_product" parentDisplayName="Product" />
      </MissingDependency>
      <MissingDependency>
        <Required type="1" schemaName="sample_product" displayName="Product" solution="AssetCheckout (0.0.0.1)" />
        <Dependent type="2" schemaName="ownerid" displayName="Owner" parentSchemaName="sample_product" parentDisplayName="Product" />
      </MissingDependency>
      <MissingDependency>
        <Required type="1" schemaName="sample_product" displayName="Product" solution="AssetCheckout (0.0.0.1)" />
        <Dependent type="2" schemaName="owneridtype" parentSchemaName="sample_product" parentDisplayName="Product" />
      </MissingDependency>
      <MissingDependency>
        <Required type="1" schemaName="sample_product" displayName="Product" solution="AssetCheckout (0.0.0.1)" />
        <Dependent type="2" schemaName="owningbusinessunit" displayName="Owning Business Unit" parentSchemaName="sample_product" parentDisplayName="Product" />
      </MissingDependency>
      <MissingDependency>
        <Required type="1" schemaName="sample_product" displayName="Product" solution="AssetCheckout (0.0.0.1)" />
        <Dependent type="2" schemaName="processid" displayName="Process Id" parentSchemaName="sample_product" parentDisplayName="Product" />
      </MissingDependency>
      <MissingDependency>
        <Required type="1" schemaName="sample_product" displayName="Product" solution="AssetCheckout (0.0.0.1)" />
        <Dependent type="2" schemaName="sample_ratings_count" displayName="Rating (CountAverage)" parentSchemaName="sample_product" parentDisplayName="Product" />
      </MissingDependency>
      <MissingDependency>
        <Required type="1" schemaName="sample_product" displayName="Product" solution="AssetCheckout (0.0.0.1)" />
        <Dependent type="2" schemaName="sample_ratings_date" displayName="Rating (Last Updated On)" parentSchemaName="sample_product" parentDisplayName="Product" />
      </MissingDependency>
      <MissingDependency>
        <Required type="1" schemaName="sample_product" displayName="Product" solution="AssetCheckout (0.0.0.1)" />
        <Dependent type="2" schemaName="sample_ratings_state" displayName="Rating (State)" parentSchemaName="sample_product" parentDisplayName="Product" />
      </MissingDependency>
      <MissingDependency>
        <Required type="1" schemaName="sample_product" displayName="Product" solution="AssetCheckout (0.0.0.1)" />
        <Dependent type="2" schemaName="sample_ratings_sum" displayName="Rating (SumAverage)" parentSchemaName="sample_product" parentDisplayName="Product" />
      </MissingDependency>
      <MissingDependency>
        <Required type="1" schemaName="sample_product" displayName="Product" solution="AssetCheckout (0.0.0.1)" />
        <Dependent type="2" schemaName="sample_totalreserved_date" displayName="Total Reserved (Last Updated On)" parentSchemaName="sample_product" parentDisplayName="Product" />
      </MissingDependency>
      <MissingDependency>
        <Required type="1" schemaName="sample_product" displayName="Product" solution="AssetCheckout (0.0.0.1)" />
        <Dependent type="2" schemaName="sample_totalreserved_state" displayName="Total Reserved (State)" parentSchemaName="sample_product" parentDisplayName="Product" />
      </MissingDependency>
      <MissingDependency>
        <Required type="1" schemaName="sample_product" displayName="Product" solution="AssetCheckout (0.0.0.1)" />
        <Dependent type="2" schemaName="stageid" displayName="Stage Id" parentSchemaName="sample_product" parentDisplayName="Product" />
      </MissingDependency>
      <MissingDependency>
        <Required type="1" schemaName="sample_product" displayName="Product" solution="AssetCheckout (0.0.0.1)" />
        <Dependent type="2" schemaName="transactioncurrencyid" displayName="Currency" parentSchemaName="sample_product" parentDisplayName="Product" />
      </MissingDependency>
      <MissingDependency>
        <Required type="1" schemaName="sample_product" displayName="Product" solution="AssetCheckout (0.0.0.1)" />
        <Dependent type="2" schemaName="traversedpath" displayName="Traversed Path" parentSchemaName="sample_product" parentDisplayName="Product" />
      </MissingDependency>
      <MissingDependency>
        <Required type="1" schemaName="sample_product" displayName="Product" solution="AssetCheckout (0.0.0.1)" />
        <Dependent type="2" schemaName="versionnumber" displayName="Version Number" parentSchemaName="sample_product" parentDisplayName="Product" />
      </MissingDependency>
      <MissingDependency>
        <Required type="1" schemaName="sample_reservation" displayName="Reservation" solution="AssetCheckout (0.0.0.1)" />
        <Dependent type="1" schemaName="sample_product" displayName="Product" />
      </MissingDependency>
      <MissingDependency>
        <Required type="1" schemaName="sample_review" displayName="Review" solution="AssetCheckout (0.0.0.1)" />
        <Dependent type="1" schemaName="sample_product" displayName="Product" />
      </MissingDependency>
      <MissingDependency>
        <Required type="10" schemaName="adx_entitypermission_parententitypermission" displayName="adx_entitypermission_parententitypermission" parentSchemaName="adx_entitypermission" parentDisplayName="Table Permission" solution="MicrosoftPortalBase (9.3.2204.5)">
          <package>CDSBasePortal (9.3.2209.79)</package>
          <package>msdyn_community_anchor (9.2.221122.4)</package>
        </Required>
        <Dependent type="10" schemaName="adx_entitypermission_parententitypermission" displayName="adx_entitypermission_parententitypermission" parentSchemaName="adx_entitypermission" parentDisplayName="Table Permission" />
      </MissingDependency>
      <MissingDependency>
        <Required type="10" schemaName="adx_webform_startstep" displayName="adx_webform_startstep" parentSchemaName="adx_webformstep" parentDisplayName="Form Step" solution="MicrosoftPortalWebForms (9.3.2209.2)">
          <package>CDSBasePortal (9.3.2209.79)</package>
          <package>msdyn_community_anchor (9.2.221122.4)</package>
        </Required>
        <Dependent type="10" schemaName="adx_webform_startstep" displayName="adx_webform_startstep" parentSchemaName="adx_webformstep" parentDisplayName="Form Step" />
      </MissingDependency>
      <MissingDependency>
        <Required type="10" schemaName="adx_website_adx_entitypermission" displayName="adx_website_adx_entitypermission" parentSchemaName="adx_website" parentDisplayName="Website" solution="MicrosoftPortalBase (9.3.2204.5)">
          <package>CDSBasePortal (9.3.2209.79)</package>
          <package>msdyn_community_anchor (9.2.221122.4)</package>
        </Required>
        <Dependent type="10" schemaName="adx_website_adx_entitypermission" displayName="adx_website_adx_entitypermission" parentSchemaName="adx_website" parentDisplayName="Website" />
      </MissingDependency>
      <MissingDependency>
        <Required type="10" schemaName="adx_website_webform" displayName="adx_website_webform" parentSchemaName="adx_website" parentDisplayName="Website" solution="MicrosoftPortalWebForms (9.3.2209.2)">
          <package>CDSBasePortal (9.3.2209.79)</package>
          <package>msdyn_community_anchor (9.2.221122.4)</package>
        </Required>
        <Dependent type="10" schemaName="adx_website_webform" displayName="adx_website_webform" parentSchemaName="adx_website" parentDisplayName="Website" />
      </MissingDependency>
      <MissingDependency>
        <Required type="2" schemaName="adx_entityname" displayName="Name" parentSchemaName="adx_entitypermission" parentDisplayName="Table Permission" solution="MicrosoftPortalBase (9.3.2204.5)">
          <package>CDSBasePortal (9.3.2209.79)</package>
          <package>msdyn_community_anchor (9.2.221122.4)</package>
        </Required>
        <Dependent type="10" schemaName="adx_entitypermission_parententitypermission" displayName="adx_entitypermission_parententitypermission" parentSchemaName="adx_entitypermission" parentDisplayName="Table Permission" />
      </MissingDependency>
      <MissingDependency>
        <Required type="2" schemaName="adx_entitypermissionid" displayName="Table Permission" parentSchemaName="adx_entitypermission" parentDisplayName="Table Permission" solution="MicrosoftPortalBase (9.3.2204.5)">
          <package>CDSBasePortal (9.3.2209.79)</package>
          <package>msdyn_community_anchor (9.2.221122.4)</package>
        </Required>
        <Dependent type="10" schemaName="adx_entitypermission_parententitypermission" displayName="adx_entitypermission_parententitypermission" parentSchemaName="adx_entitypermission" parentDisplayName="Table Permission" />
      </MissingDependency>
      <MissingDependency>
        <Required type="2" schemaName="adx_parententitypermission" displayName="Parent Table Permission" parentSchemaName="adx_entitypermission" parentDisplayName="Table Permission" solution="MicrosoftPortalBase (9.3.2204.5)">
          <package>CDSBasePortal (9.3.2209.79)</package>
          <package>msdyn_community_anchor (9.2.221122.4)</package>
        </Required>
        <Dependent type="10" schemaName="adx_entitypermission_parententitypermission" displayName="adx_entitypermission_parententitypermission" parentSchemaName="adx_entitypermission" parentDisplayName="Table Permission" />
      </MissingDependency>
      <MissingDependency>
        <Required type="2" schemaName="adx_websiteid" displayName="Website" parentSchemaName="adx_entitypermission" parentDisplayName="Table Permission" solution="MicrosoftPortalBase (9.3.2204.5)">
          <package>CDSBasePortal (9.3.2209.79)</package>
          <package>msdyn_community_anchor (9.2.221122.4)</package>
        </Required>
        <Dependent type="10" schemaName="adx_website_adx_entitypermission" displayName="adx_website_adx_entitypermission" parentSchemaName="adx_website" parentDisplayName="Website" />
      </MissingDependency>
      <MissingDependency>
        <Required type="2" schemaName="adx_startstep" displayName="Start Step" parentSchemaName="adx_webform" parentDisplayName="Multistep Form" solution="MicrosoftPortalWebForms (9.3.2209.2)">
          <package>CDSBasePortal (9.3.2209.79)</package>
          <package>msdyn_community_anchor (9.2.221122.4)</package>
        </Required>
        <Dependent type="10" schemaName="adx_webform_startstep" displayName="adx_webform_startstep" parentSchemaName="adx_webformstep" parentDisplayName="Form Step" />
      </MissingDependency>
      <MissingDependency>
        <Required type="2" schemaName="adx_websiteid" displayName="Website" parentSchemaName="adx_webform" parentDisplayName="Multistep Form" solution="MicrosoftPortalWebForms (9.3.2209.2)">
          <package>CDSBasePortal (9.3.2209.79)</package>
          <package>msdyn_community_anchor (9.2.221122.4)</package>
        </Required>
        <Dependent type="10" schemaName="adx_website_webform" displayName="adx_website_webform" parentSchemaName="adx_website" parentDisplayName="Website" />
      </MissingDependency>
      <MissingDependency>
        <Required type="2" schemaName="adx_name" displayName="Name" parentSchemaName="adx_webformstep" parentDisplayName="Form Step" solution="MicrosoftPortalWebForms (9.3.2209.2)">
          <package>CDSBasePortal (9.3.2209.79)</package>
          <package>msdyn_community_anchor (9.2.221122.4)</package>
        </Required>
        <Dependent type="10" schemaName="adx_webform_startstep" displayName="adx_webform_startstep" parentSchemaName="adx_webformstep" parentDisplayName="Form Step" />
      </MissingDependency>
      <MissingDependency>
        <Required type="2" schemaName="adx_webformstepid" displayName="Form Step" parentSchemaName="adx_webformstep" parentDisplayName="Form Step" solution="MicrosoftPortalWebForms (9.3.2209.2)">
          <package>CDSBasePortal (9.3.2209.79)</package>
          <package>msdyn_community_anchor (9.2.221122.4)</package>
        </Required>
        <Dependent type="10" schemaName="adx_webform_startstep" displayName="adx_webform_startstep" parentSchemaName="adx_webformstep" parentDisplayName="Form Step" />
      </MissingDependency>
      <MissingDependency>
        <Required type="2" schemaName="adx_name" displayName="Name" parentSchemaName="adx_website" parentDisplayName="Website" solution="MicrosoftPortalDependencies (9.3.2209.2)">
          <package>CDSBasePortal (9.3.2209.79)</package>
          <package>msdyn_community_anchor (9.2.221122.4)</package>
        </Required>
        <Dependent type="10" schemaName="adx_website_adx_entitypermission" displayName="adx_website_adx_entitypermission" parentSchemaName="adx_website" parentDisplayName="Website" />
      </MissingDependency>
      <MissingDependency>
        <Required type="2" schemaName="adx_name" displayName="Name" parentSchemaName="adx_website" parentDisplayName="Website" solution="MicrosoftPortalDependencies (9.3.2209.2)">
          <package>CDSBasePortal (9.3.2209.79)</package>
          <package>msdyn_community_anchor (9.2.221122.4)</package>
        </Required>
        <Dependent type="10" schemaName="adx_website_webform" displayName="adx_website_webform" parentSchemaName="adx_website" parentDisplayName="Website" />
      </MissingDependency>
      <MissingDependency>
        <Required type="2" schemaName="adx_websiteid" displayName="Website" parentSchemaName="adx_website" parentDisplayName="Website" solution="MicrosoftPortalDependencies (9.3.2209.2)">
          <package>CDSBasePortal (9.3.2209.79)</package>
          <package>msdyn_community_anchor (9.2.221122.4)</package>
        </Required>
        <Dependent type="10" schemaName="adx_website_adx_entitypermission" displayName="adx_website_adx_entitypermission" parentSchemaName="adx_website" parentDisplayName="Website" />
      </MissingDependency>
      <MissingDependency>
        <Required type="2" schemaName="adx_websiteid" displayName="Website" parentSchemaName="adx_website" parentDisplayName="Website" solution="MicrosoftPortalDependencies (9.3.2209.2)">
          <package>CDSBasePortal (9.3.2209.79)</package>
          <package>msdyn_community_anchor (9.2.221122.4)</package>
        </Required>
        <Dependent type="10" schemaName="adx_website_webform" displayName="adx_website_webform" parentSchemaName="adx_website" parentDisplayName="Website" />
      </MissingDependency>
      <MissingDependency>
        <Required type="2" schemaName="lwtn_applicationid" displayName="Application" parentSchemaName="lwtn_application" parentDisplayName="Application" solution="Active" />
        <Dependent type="10" schemaName="lwtn_Mentor_Application_lwtn_Application" displayName="lwtn_Mentor_Application_lwtn_Application" parentSchemaName="lwtn_application" parentDisplayName="Application" />
      </MissingDependency>
      <MissingDependency>
        <Required type="2" schemaName="lwtn_applicationnumber" displayName="Application Number" parentSchemaName="lwtn_application" parentDisplayName="Application" solution="Active" />
        <Dependent type="10" schemaName="lwtn_Mentor_Application_lwtn_Application" displayName="lwtn_Mentor_Application_lwtn_Application" parentSchemaName="lwtn_application" parentDisplayName="Application" />
      </MissingDependency>
      <MissingDependency>
        <Required type="61" schemaName="msdyn_/Images/AppModule_Default_Icon.png" displayName="msdyn_/Images/AppModule_Default_Icon.png" solution="AppModuleWebResources (2.5)" />
        <Dependent type="80" schemaName="lwtn_HonorsApplicationApp" displayName="Honors Application App" />
      </MissingDependency>
      <MissingDependency>
        <Required type="62" schemaName="lwtn_HonorsApplicationApp" solution="Active" />
        <Dependent type="80" schemaName="lwtn_HonorsApplicationApp" displayName="Honors Application App" />
      </MissingDependency>
      <MissingDependency>
        <Required type="9" schemaName="insight_applicationstatusco" displayName="Application statusco" solution="Active" />
        <Dependent type="2" schemaName="insight_applicationstatus" displayName="Application Status" parentSchemaName="insight_applicationtable" parentDisplayName="Application table" />
      </MissingDependency>
      <MissingDependency>
        <Required type="9" schemaName="insight_loantype" displayName="Loan type" solution="Active" />
        <Dependent type="2" schemaName="insight_loantype" displayName="Loantype" parentSchemaName="insight_applicationtable" parentDisplayName="Application table" />
      </MissingDependency>
      <MissingDependency>
        <Required type="9" schemaName="lwtn_relationship" displayName="Relationship" solution="Active" />
        <Dependent type="2" schemaName="lwtn_relationship" displayName="Relationship" parentSchemaName="lwtn_mentor" parentDisplayName="Mentor" />
      </MissingDependency>
    </MissingDependencies>
  </SolutionManifest>
</ImportExportXml>